SprintID,SprintName,TeamName,StartDate,EndDate,TotalTasks,CompletedTasks,PendingTasks,StoryPoints,StoryPointsCompleted,Velocity,SprintStatus,BurndownDay,BurndownRemainingTasks
SP01,Sprint 1,Team A,2026-01-01,2026-01-14,42,38,4,118,104,22,Completed,1,42
SP01,Sprint 1,Team A,2026-01-01,2026-01-14,42,38,4,118,104,22,Completed,2,36
SP01,Sprint 1,Team A,2026-01-01,2026-01-14,42,38,4,118,104,22,Completed,3,30
SP01,Sprint 1,Team A,2026-01-01,2026-01-14,42,38,4,118,104,22,Completed,4,24
SP01,Sprint 1,Team A,2026-01-01,2026-01-14,42,38,4,118,104,22,Completed,5,18
SP01,Sprint 1,Team A,2026-01-01,2026-01-14,42,38,4,118,104,22,Completed,6,13
SP01,Sprint 1,Team A,2026-01-01,2026-01-14,42,38,4,118,104,22,Completed,7,8
SP01,Sprint 1,Team A,2026-01-01,2026-01-14,42,38,4,118,104,22,Completed,8,4
SP01,Sprint 1,Team B,2026-01-01,2026-01-14,52,31,21,140,88,17,Delayed,1,52
SP01,Sprint 1,Team B,2026-01-01,2026-01-14,52,31,21,140,88,17,Delayed,2,49
SP01,Sprint 1,Team B,2026-01-01,2026-01-14,52,31,21,140,88,17,Delayed,3,46
SP01,Sprint 1,Team B,2026-01-01,2026-01-14,52,31,21,140,88,17,Delayed,4,42
SP01,Sprint 1,Team B,2026-01-01,2026-01-14,52,31,21,140,88,17,Delayed,5,35
SP01,Sprint 1,Team B,2026-01-01,2026-01-14,52,31,21,140,88,17,Delayed,6,29
SP01,Sprint 1,Team B,2026-01-01,2026-01-14,52,31,21,140,88,17,Delayed,7,22
SP01,Sprint 1,Team B,2026-01-01,2026-01-14,52,31,21,140,88,17,Delayed,8,21
SP01,Sprint 1,Team C,2026-01-01,2026-01-14,40,25,15,104,66,14,Delayed,1,40
SP01,Sprint 1,Team C,2026-01-01,2026-01-14,40,25,15,104,66,14,Delayed,2,38
SP01,Sprint 1,Team C,2026-01-01,2026-01-14,40,25,15,104,66,14,Delayed,3,36
SP01,Sprint 1,Team C,2026-01-01,2026-01-14,40,25,15,104,66,14,Delayed,4,33
SP01,Sprint 1,Team C,2026-01-01,2026-01-14,40,25,15,104,66,14,Delayed,5,28
SP01,Sprint 1,Team C,2026-01-01,2026-01-14,40,25,15,104,66,14,Delayed,6,23
SP01,Sprint 1,Team C,2026-01-01,2026-01-14,40,25,15,104,66,14,Delayed,7,18
SP01,Sprint 1,Team C,2026-01-01,2026-01-14,40,25,15,104,66,14,Delayed,8,15
SP02,Sprint 2,Team A,2026-01-15,2026-01-28,44,40,4,122,108,23,Completed,1,44
SP02,Sprint 2,Team A,2026-01-15,2026-01-28,44,40,4,122,108,23,Completed,2,38
SP02,Sprint 2,Team A,2026-01-15,2026-01-28,44,40,4,122,108,23,Completed,3,32
SP02,Sprint 2,Team A,2026-01-15,2026-01-28,44,40,4,122,108,23,Completed,4,26
SP02,Sprint 2,Team A,2026-01-15,2026-01-28,44,40,4,122,108,23,Completed,5,19
SP02,Sprint 2,Team A,2026-01-15,2026-01-28,44,40,4,122,108,23,Completed,6,13
SP02,Sprint 2,Team A,2026-01-15,2026-01-28,44,40,4,122,108,23,Completed,7,8
SP02,Sprint 2,Team A,2026-01-15,2026-01-28,44,40,4,122,108,23,Completed,8,4
SP02,Sprint 2,Team B,2026-01-15,2026-01-28,54,35,19,145,98,18,Delayed,1,54
SP02,Sprint 2,Team B,2026-01-15,2026-01-28,54,35,19,145,98,18,Delayed,2,51
SP02,Sprint 2,Team B,2026-01-15,2026-01-28,54,35,19,145,98,18,Delayed,3,48
SP02,Sprint 2,Team B,2026-01-15,2026-01-28,54,35,19,145,98,18,Delayed,4,43
SP02,Sprint 2,Team B,2026-01-15,2026-01-28,54,35,19,145,98,18,Delayed,5,37
SP02,Sprint 2,Team B,2026-01-15,2026-01-28,54,35,19,145,98,18,Delayed,6,30
SP02,Sprint 2,Team B,2026-01-15,2026-01-28,54,35,19,145,98,18,Delayed,7,23
SP02,Sprint 2,Team B,2026-01-15,2026-01-28,54,35,19,145,98,18,Delayed,8,19
SP02,Sprint 2,Team C,2026-01-15,2026-01-28,41,28,13,108,74,15,Delayed,1,41
SP02,Sprint 2,Team C,2026-01-15,2026-01-28,41,28,13,108,74,15,Delayed,2,39
SP02,Sprint 2,Team C,2026-01-15,2026-01-28,41,28,13,108,74,15,Delayed,3,37
SP02,Sprint 2,Team C,2026-01-15,2026-01-28,41,28,13,108,74,15,Delayed,4,34
SP02,Sprint 2,Team C,2026-01-15,2026-01-28,41,28,13,108,74,15,Delayed,5,29
SP02,Sprint 2,Team C,2026-01-15,2026-01-28,41,28,13,108,74,15,Delayed,6,24
SP02,Sprint 2,Team C,2026-01-15,2026-01-28,41,28,13,108,74,15,Delayed,7,18
SP02,Sprint 2,Team C,2026-01-15,2026-01-28,41,28,13,108,74,15,Delayed,8,13
SP03,Sprint 3,Team A,2026-01-29,2026-02-11,45,41,4,126,112,24,Completed,1,45
SP03,Sprint 3,Team A,2026-01-29,2026-02-11,45,41,4,126,112,24,Completed,2,39
SP03,Sprint 3,Team A,2026-01-29,2026-02-11,45,41,4,126,112,24,Completed,3,32
SP03,Sprint 3,Team A,2026-01-29,2026-02-11,45,41,4,126,112,24,Completed,4,26
SP03,Sprint 3,Team A,2026-01-29,2026-02-11,45,41,4,126,112,24,Completed,5,19
SP03,Sprint 3,Team A,2026-01-29,2026-02-11,45,41,4,126,112,24,Completed,6,14
SP03,Sprint 3,Team A,2026-01-29,2026-02-11,45,41,4,126,112,24,Completed,7,8
SP03,Sprint 3,Team A,2026-01-29,2026-02-11,45,41,4,126,112,24,Completed,8,4
SP03,Sprint 3,Team B,2026-01-29,2026-02-11,55,39,16,150,108,20,Delayed,1,55
SP03,Sprint 3,Team B,2026-01-29,2026-02-11,55,39,16,150,108,20,Delayed,2,52
SP03,Sprint 3,Team B,2026-01-29,2026-02-11,55,39,16,150,108,20,Delayed,3,49
SP03,Sprint 3,Team B,2026-01-29,2026-02-11,55,39,16,150,108,20,Delayed,4,44
SP03,Sprint 3,Team B,2026-01-29,2026-02-11,55,39,16,150,108,20,Delayed,5,37
SP03,Sprint 3,Team B,2026-01-29,2026-02-11,55,39,16,150,108,20,Delayed,6,30
SP03,Sprint 3,Team B,2026-01-29,2026-02-11,55,39,16,150,108,20,Delayed,7,24
SP03,Sprint 3,Team B,2026-01-29,2026-02-11,55,39,16,150,108,20,Delayed,8,16
SP03,Sprint 3,Team C,2026-01-29,2026-02-11,42,31,11,112,82,17,Delayed,1,42
SP03,Sprint 3,Team C,2026-01-29,2026-02-11,42,31,11,112,82,17,Delayed,2,40
SP03,Sprint 3,Team C,2026-01-29,2026-02-11,42,31,11,112,82,17,Delayed,3,38
SP03,Sprint 3,Team C,2026-01-29,2026-02-11,42,31,11,112,82,17,Delayed,4,34
SP03,Sprint 3,Team C,2026-01-29,2026-02-11,42,31,11,112,82,17,Delayed,5,30
SP03,Sprint 3,Team C,2026-01-29,2026-02-11,42,31,11,112,82,17,Delayed,6,24
SP03,Sprint 3,Team C,2026-01-29,2026-02-11,42,31,11,112,82,17,Delayed,7,19
SP03,Sprint 3,Team C,2026-01-29,2026-02-11,42,31,11,112,82,17,Delayed,8,11
SP04,Sprint 4,Team A,2026-02-12,2026-02-25,43,37,6,124,104,22,At Risk,1,43
SP04,Sprint 4,Team A,2026-02-12,2026-02-25,43,37,6,124,104,22,At Risk,2,39
SP04,Sprint 4,Team A,2026-02-12,2026-02-25,43,37,6,124,104,22,At Risk,3,34
SP04,Sprint 4,Team A,2026-02-12,2026-02-25,43,37,6,124,104,22,At Risk,4,28
SP04,Sprint 4,Team A,2026-02-12,2026-02-25,43,37,6,124,104,22,At Risk,5,22
SP04,Sprint 4,Team A,2026-02-12,2026-02-25,43,37,6,124,104,22,At Risk,6,17
SP04,Sprint 4,Team A,2026-02-12,2026-02-25,43,37,6,124,104,22,At Risk,7,12
SP04,Sprint 4,Team A,2026-02-12,2026-02-25,43,37,6,124,104,22,At Risk,8,6
SP04,Sprint 4,Team B,2026-02-12,2026-02-25,54,42,12,148,116,21,At Risk,1,54
SP04,Sprint 4,Team B,2026-02-12,2026-02-25,54,42,12,148,116,21,At Risk,2,49
SP04,Sprint 4,Team B,2026-02-12,2026-02-25,54,42,12,148,116,21,At Risk,3,44
SP04,Sprint 4,Team B,2026-02-12,2026-02-25,54,42,12,148,116,21,At Risk,4,37
SP04,Sprint 4,Team B,2026-02-12,2026-02-25,54,42,12,148,116,21,At Risk,5,30
SP04,Sprint 4,Team B,2026-02-12,2026-02-25,54,42,12,148,116,21,At Risk,6,23
SP04,Sprint 4,Team B,2026-02-12,2026-02-25,54,42,12,148,116,21,At Risk,7,16
SP04,Sprint 4,Team B,2026-02-12,2026-02-25,54,42,12,148,116,21,At Risk,8,12
SP04,Sprint 4,Team C,2026-02-12,2026-02-25,43,34,9,116,90,18,At Risk,1,43
SP04,Sprint 4,Team C,2026-02-12,2026-02-25,43,34,9,116,90,18,At Risk,2,40
SP04,Sprint 4,Team C,2026-02-12,2026-02-25,43,34,9,116,90,18,At Risk,3,35
SP04,Sprint 4,Team C,2026-02-12,2026-02-25,43,34,9,116,90,18,At Risk,4,30
SP04,Sprint 4,Team C,2026-02-12,2026-02-25,43,34,9,116,90,18,At Risk,5,24
SP04,Sprint 4,Team C,2026-02-12,2026-02-25,43,34,9,116,90,18,At Risk,6,18
SP04,Sprint 4,Team C,2026-02-12,2026-02-25,43,34,9,116,90,18,At Risk,7,12
SP04,Sprint 4,Team C,2026-02-12,2026-02-25,43,34,9,116,90,18,At Risk,8,9
SP05,Sprint 5,Team A,2026-02-26,2026-03-11,46,42,4,130,116,25,Completed,1,46
SP05,Sprint 5,Team A,2026-02-26,2026-03-11,46,42,4,130,116,25,Completed,2,40
SP05,Sprint 5,Team A,2026-02-26,2026-03-11,46,42,4,130,116,25,Completed,3,33
SP05,Sprint 5,Team A,2026-02-26,2026-03-11,46,42,4,130,116,25,Completed,4,27
SP05,Sprint 5,Team A,2026-02-26,2026-03-11,46,42,4,130,116,25,Completed,5,20
SP05,Sprint 5,Team A,2026-02-26,2026-03-11,46,42,4,130,116,25,Completed,6,14
SP05,Sprint 5,Team A,2026-02-26,2026-03-11,46,42,4,130,116,25,Completed,7,8
SP05,Sprint 5,Team A,2026-02-26,2026-03-11,46,42,4,130,116,25,Completed,8,4
SP05,Sprint 5,Team B,2026-02-26,2026-03-11,52,45,7,142,124,23,At Risk,1,52
SP05,Sprint 5,Team B,2026-02-26,2026-03-11,52,45,7,142,124,23,At Risk,2,47
SP05,Sprint 5,Team B,2026-02-26,2026-03-11,52,45,7,142,124,23,At Risk,3,42
SP05,Sprint 5,Team B,2026-02-26,2026-03-11,52,45,7,142,124,23,At Risk,4,35
SP05,Sprint 5,Team B,2026-02-26,2026-03-11,52,45,7,142,124,23,At Risk,5,29
SP05,Sprint 5,Team B,2026-02-26,2026-03-11,52,45,7,142,124,23,At Risk,6,22
SP05,Sprint 5,Team B,2026-02-26,2026-03-11,52,45,7,142,124,23,At Risk,7,15
SP05,Sprint 5,Team B,2026-02-26,2026-03-11,52,45,7,142,124,23,At Risk,8,7
SP05,Sprint 5,Team C,2026-02-26,2026-03-11,44,36,8,118,96,19,At Risk,1,44
SP05,Sprint 5,Team C,2026-02-26,2026-03-11,44,36,8,118,96,19,At Risk,2,40
SP05,Sprint 5,Team C,2026-02-26,2026-03-11,44,36,8,118,96,19,At Risk,3,36
SP05,Sprint 5,Team C,2026-02-26,2026-03-11,44,36,8,118,96,19,At Risk,4,30
SP05,Sprint 5,Team C,2026-02-26,2026-03-11,44,36,8,118,96,19,At Risk,5,24
SP05,Sprint 5,Team C,2026-02-26,2026-03-11,44,36,8,118,96,19,At Risk,6,18
SP05,Sprint 5,Team C,2026-02-26,2026-03-11,44,36,8,118,96,19,At Risk,7,12
SP05,Sprint 5,Team C,2026-02-26,2026-03-11,44,36,8,118,96,19,At Risk,8,8
SP06,Sprint 6,Team A,2026-03-12,2026-03-25,45,41,4,128,114,24,Completed,1,45
SP06,Sprint 6,Team A,2026-03-12,2026-03-25,45,41,4,128,114,24,Completed,2,39
SP06,Sprint 6,Team A,2026-03-12,2026-03-25,45,41,4,128,114,24,Completed,3,32
SP06,Sprint 6,Team A,2026-03-12,2026-03-25,45,41,4,128,114,24,Completed,4,26
SP06,Sprint 6,Team A,2026-03-12,2026-03-25,45,41,4,128,114,24,Completed,5,19
SP06,Sprint 6,Team A,2026-03-12,2026-03-25,45,41,4,128,114,24,Completed,6,14
SP06,Sprint 6,Team A,2026-03-12,2026-03-25,45,41,4,128,114,24,Completed,7,8
SP06,Sprint 6,Team A,2026-03-12,2026-03-25,45,41,4,128,114,24,Completed,8,4
SP06,Sprint 6,Team B,2026-03-12,2026-03-25,51,43,8,138,120,22,At Risk,1,51
SP06,Sprint 6,Team B,2026-03-12,2026-03-25,51,43,8,138,120,22,At Risk,2,46
SP06,Sprint 6,Team B,2026-03-12,2026-03-25,51,43,8,138,120,22,At Risk,3,41
SP06,Sprint 6,Team B,2026-03-12,2026-03-25,51,43,8,138,120,22,At Risk,4,35
SP06,Sprint 6,Team B,2026-03-12,2026-03-25,51,43,8,138,120,22,At Risk,5,28
SP06,Sprint 6,Team B,2026-03-12,2026-03-25,51,43,8,138,120,22,At Risk,6,21
SP06,Sprint 6,Team B,2026-03-12,2026-03-25,51,43,8,138,120,22,At Risk,7,15
SP06,Sprint 6,Team B,2026-03-12,2026-03-25,51,43,8,138,120,22,At Risk,8,8
SP06,Sprint 6,Team C,2026-03-12,2026-03-25,45,38,7,120,100,20,At Risk,1,45
SP06,Sprint 6,Team C,2026-03-12,2026-03-25,45,38,7,120,100,20,At Risk,2,41
SP06,Sprint 6,Team C,2026-03-12,2026-03-25,45,38,7,120,100,20,At Risk,3,37
SP06,Sprint 6,Team C,2026-03-12,2026-03-25,45,38,7,120,100,20,At Risk,4,31
SP06,Sprint 6,Team C,2026-03-12,2026-03-25,45,38,7,120,100,20,At Risk,5,25
SP06,Sprint 6,Team C,2026-03-12,2026-03-25,45,38,7,120,100,20,At Risk,6,18
SP06,Sprint 6,Team C,2026-03-12,2026-03-25,45,38,7,120,100,20,At Risk,7,13
SP06,Sprint 6,Team C,2026-03-12,2026-03-25,45,38,7,120,100,20,At Risk,8,7
SP07,Sprint 7,Team A,2026-03-26,2026-04-08,47,43,4,132,118,25,Completed,1,47
SP07,Sprint 7,Team A,2026-03-26,2026-04-08,47,43,4,132,118,25,Completed,2,40
SP07,Sprint 7,Team A,2026-03-26,2026-04-08,47,43,4,132,118,25,Completed,3,34
SP07,Sprint 7,Team A,2026-03-26,2026-04-08,47,43,4,132,118,25,Completed,4,27
SP07,Sprint 7,Team A,2026-03-26,2026-04-08,47,43,4,132,118,25,Completed,5,20
SP07,Sprint 7,Team A,2026-03-26,2026-04-08,47,43,4,132,118,25,Completed,6,14
SP07,Sprint 7,Team A,2026-03-26,2026-04-08,47,43,4,132,118,25,Completed,7,8
SP07,Sprint 7,Team A,2026-03-26,2026-04-08,47,43,4,132,118,25,Completed,8,4
SP07,Sprint 7,Team B,2026-03-26,2026-04-08,50,44,6,136,122,23,Completed,1,50
SP07,Sprint 7,Team B,2026-03-26,2026-04-08,50,44,6,136,122,23,Completed,2,44
SP07,Sprint 7,Team B,2026-03-26,2026-04-08,50,44,6,136,122,23,Completed,3,36
SP07,Sprint 7,Team B,2026-03-26,2026-04-08,50,44,6,136,122,23,Completed,4,30
SP07,Sprint 7,Team B,2026-03-26,2026-04-08,50,44,6,136,122,23,Completed,5,22
SP07,Sprint 7,Team B,2026-03-26,2026-04-08,50,44,6,136,122,23,Completed,6,16
SP07,Sprint 7,Team B,2026-03-26,2026-04-08,50,44,6,136,122,23,Completed,7,10
SP07,Sprint 7,Team B,2026-03-26,2026-04-08,50,44,6,136,122,23,Completed,8,6
SP07,Sprint 7,Team C,2026-03-26,2026-04-08,46,41,5,124,108,22,At Risk,1,46
SP07,Sprint 7,Team C,2026-03-26,2026-04-08,46,41,5,124,108,22,At Risk,2,42
SP07,Sprint 7,Team C,2026-03-26,2026-04-08,46,41,5,124,108,22,At Risk,3,38
SP07,Sprint 7,Team C,2026-03-26,2026-04-08,46,41,5,124,108,22,At Risk,4,32
SP07,Sprint 7,Team C,2026-03-26,2026-04-08,46,41,5,124,108,22,At Risk,5,25
SP07,Sprint 7,Team C,2026-03-26,2026-04-08,46,41,5,124,108,22,At Risk,6,19
SP07,Sprint 7,Team C,2026-03-26,2026-04-08,46,41,5,124,108,22,At Risk,7,13
SP07,Sprint 7,Team C,2026-03-26,2026-04-08,46,41,5,124,108,22,At Risk,8,5
SP08,Sprint 8,Team A,2026-04-09,2026-04-22,48,44,4,135,120,26,Completed,1,48
SP08,Sprint 8,Team A,2026-04-09,2026-04-22,48,44,4,135,120,26,Completed,2,41
SP08,Sprint 8,Team A,2026-04-09,2026-04-22,48,44,4,135,120,26,Completed,3,35
SP08,Sprint 8,Team A,2026-04-09,2026-04-22,48,44,4,135,120,26,Completed,4,28
SP08,Sprint 8,Team A,2026-04-09,2026-04-22,48,44,4,135,120,26,Completed,5,21
SP08,Sprint 8,Team A,2026-04-09,2026-04-22,48,44,4,135,120,26,Completed,6,14
SP08,Sprint 8,Team A,2026-04-09,2026-04-22,48,44,4,135,120,26,Completed,7,9
SP08,Sprint 8,Team A,2026-04-09,2026-04-22,48,44,4,135,120,26,Completed,8,4
SP08,Sprint 8,Team B,2026-04-09,2026-04-22,52,46,6,140,126,24,Completed,1,52
SP08,Sprint 8,Team B,2026-04-09,2026-04-22,52,46,6,140,126,24,Completed,2,45
SP08,Sprint 8,Team B,2026-04-09,2026-04-22,52,46,6,140,126,24,Completed,3,38
SP08,Sprint 8,Team B,2026-04-09,2026-04-22,52,46,6,140,126,24,Completed,4,31
SP08,Sprint 8,Team B,2026-04-09,2026-04-22,52,46,6,140,126,24,Completed,5,23
SP08,Sprint 8,Team B,2026-04-09,2026-04-22,52,46,6,140,126,24,Completed,6,17
SP08,Sprint 8,Team B,2026-04-09,2026-04-22,52,46,6,140,126,24,Completed,7,10
SP08,Sprint 8,Team B,2026-04-09,2026-04-22,52,46,6,140,126,24,Completed,8,6
SP08,Sprint 8,Team C,2026-04-09,2026-04-22,47,41,6,126,110,22,At Risk,1,47
SP08,Sprint 8,Team C,2026-04-09,2026-04-22,47,41,6,126,110,22,At Risk,2,43
SP08,Sprint 8,Team C,2026-04-09,2026-04-22,47,41,6,126,110,22,At Risk,3,39
SP08,Sprint 8,Team C,2026-04-09,2026-04-22,47,41,6,126,110,22,At Risk,4,32
SP08,Sprint 8,Team C,2026-04-09,2026-04-22,47,41,6,126,110,22,At Risk,5,26
SP08,Sprint 8,Team C,2026-04-09,2026-04-22,47,41,6,126,110,22,At Risk,6,19
SP08,Sprint 8,Team C,2026-04-09,2026-04-22,47,41,6,126,110,22,At Risk,7,13
SP08,Sprint 8,Team C,2026-04-09,2026-04-22,47,41,6,126,110,22,At Risk,8,6
SP09,Sprint 9,Team A,2026-04-23,2026-05-06,47,42,5,133,118,25,Completed,1,47
SP09,Sprint 9,Team A,2026-04-23,2026-05-06,47,42,5,133,118,25,Completed,2,40
SP09,Sprint 9,Team A,2026-04-23,2026-05-06,47,42,5,133,118,25,Completed,3,34
SP09,Sprint 9,Team A,2026-04-23,2026-05-06,47,42,5,133,118,25,Completed,4,27
SP09,Sprint 9,Team A,2026-04-23,2026-05-06,47,42,5,133,118,25,Completed,5,20
SP09,Sprint 9,Team A,2026-04-23,2026-05-06,47,42,5,133,118,25,Completed,6,14
SP09,Sprint 9,Team A,2026-04-23,2026-05-06,47,42,5,133,118,25,Completed,7,8
SP09,Sprint 9,Team A,2026-04-23,2026-05-06,47,42,5,133,118,25,Completed,8,5
SP09,Sprint 9,Team B,2026-04-23,2026-05-06,53,48,5,144,130,25,Completed,1,53
SP09,Sprint 9,Team B,2026-04-23,2026-05-06,53,48,5,144,130,25,Completed,2,46
SP09,Sprint 9,Team B,2026-04-23,2026-05-06,53,48,5,144,130,25,Completed,3,39
SP09,Sprint 9,Team B,2026-04-23,2026-05-06,53,48,5,144,130,25,Completed,4,31
SP09,Sprint 9,Team B,2026-04-23,2026-05-06,53,48,5,144,130,25,Completed,5,24
SP09,Sprint 9,Team B,2026-04-23,2026-05-06,53,48,5,144,130,25,Completed,6,17
SP09,Sprint 9,Team B,2026-04-23,2026-05-06,53,48,5,144,130,25,Completed,7,11
SP09,Sprint 9,Team B,2026-04-23,2026-05-06,53,48,5,144,130,25,Completed,8,5
SP09,Sprint 9,Team C,2026-04-23,2026-05-06,47,42,5,128,112,23,At Risk,1,47
SP09,Sprint 9,Team C,2026-04-23,2026-05-06,47,42,5,128,112,23,At Risk,2,43
SP09,Sprint 9,Team C,2026-04-23,2026-05-06,47,42,5,128,112,23,At Risk,3,39
SP09,Sprint 9,Team C,2026-04-23,2026-05-06,47,42,5,128,112,23,At Risk,4,32
SP09,Sprint 9,Team C,2026-04-23,2026-05-06,47,42,5,128,112,23,At Risk,5,26
SP09,Sprint 9,Team C,2026-04-23,2026-05-06,47,42,5,128,112,23,At Risk,6,19
SP09,Sprint 9,Team C,2026-04-23,2026-05-06,47,42,5,128,112,23,At Risk,7,13
SP09,Sprint 9,Team C,2026-04-23,2026-05-06,47,42,5,128,112,23,At Risk,8,5
SP10,Sprint 10,Team A,2026-05-07,2026-05-20,49,43,6,138,120,25,At Risk,1,49
SP10,Sprint 10,Team A,2026-05-07,2026-05-20,49,43,6,138,120,25,At Risk,2,44
SP10,Sprint 10,Team A,2026-05-07,2026-05-20,49,43,6,138,120,25,At Risk,3,38
SP10,Sprint 10,Team A,2026-05-07,2026-05-20,49,43,6,138,120,25,At Risk,4,32
SP10,Sprint 10,Team A,2026-05-07,2026-05-20,49,43,6,138,120,25,At Risk,5,25
SP10,Sprint 10,Team A,2026-05-07,2026-05-20,49,43,6,138,120,25,At Risk,6,19
SP10,Sprint 10,Team A,2026-05-07,2026-05-20,49,43,6,138,120,25,At Risk,7,13
SP10,Sprint 10,Team A,2026-05-07,2026-05-20,49,43,6,138,120,25,At Risk,8,6
SP10,Sprint 10,Team B,2026-05-07,2026-05-20,54,44,10,146,120,23,At Risk,1,54
SP10,Sprint 10,Team B,2026-05-07,2026-05-20,54,44,10,146,120,23,At Risk,2,49
SP10,Sprint 10,Team B,2026-05-07,2026-05-20,54,44,10,146,120,23,At Risk,3,44
SP10,Sprint 10,Team B,2026-05-07,2026-05-20,54,44,10,146,120,23,At Risk,4,37
SP10,Sprint 10,Team B,2026-05-07,2026-05-20,54,44,10,146,120,23,At Risk,5,30
SP10,Sprint 10,Team B,2026-05-07,2026-05-20,54,44,10,146,120,23,At Risk,6,23
SP10,Sprint 10,Team B,2026-05-07,2026-05-20,54,44,10,146,120,23,At Risk,7,16
SP10,Sprint 10,Team B,2026-05-07,2026-05-20,54,44,10,146,120,23,At Risk,8,10
SP10,Sprint 10,Team C,2026-05-07,2026-05-20,48,44,4,132,118,24,Completed,1,48
SP10,Sprint 10,Team C,2026-05-07,2026-05-20,48,44,4,132,118,24,Completed,2,42
SP10,Sprint 10,Team C,2026-05-07,2026-05-20,48,44,4,132,118,24,Completed,3,35
SP10,Sprint 10,Team C,2026-05-07,2026-05-20,48,44,4,132,118,24,Completed,4,28
SP10,Sprint 10,Team C,2026-05-07,2026-05-20,48,44,4,132,118,24,Completed,5,21
SP10,Sprint 10,Team C,2026-05-07,2026-05-20,48,44,4,132,118,24,Completed,6,14
SP10,Sprint 10,Team C,2026-05-07,2026-05-20,48,44,4,132,118,24,Completed,7,9
SP10,Sprint 10,Team C,2026-05-07,2026-05-20,48,44,4,132,118,24,Completed,8,4
SP11,Sprint 11,Team A,2026-05-21,2026-06-03,48,44,4,136,120,26,Completed,1,48
SP11,Sprint 11,Team A,2026-05-21,2026-06-03,48,44,4,136,120,26,Completed,2,41
SP11,Sprint 11,Team A,2026-05-21,2026-06-03,48,44,4,136,120,26,Completed,3,35
SP11,Sprint 11,Team A,2026-05-21,2026-06-03,48,44,4,136,120,26,Completed,4,28
SP11,Sprint 11,Team A,2026-05-21,2026-06-03,48,44,4,136,120,26,Completed,5,21
SP11,Sprint 11,Team A,2026-05-21,2026-06-03,48,44,4,136,120,26,Completed,6,14
SP11,Sprint 11,Team A,2026-05-21,2026-06-03,48,44,4,136,120,26,Completed,7,9
SP11,Sprint 11,Team A,2026-05-21,2026-06-03,48,44,4,136,120,26,Completed,8,4
SP11,Sprint 11,Team B,2026-05-21,2026-06-03,55,49,6,148,132,25,Completed,1,55
SP11,Sprint 11,Team B,2026-05-21,2026-06-03,55,49,6,148,132,25,Completed,2,48
SP11,Sprint 11,Team B,2026-05-21,2026-06-03,55,49,6,148,132,25,Completed,3,40
SP11,Sprint 11,Team B,2026-05-21,2026-06-03,55,49,6,148,132,25,Completed,4,32
SP11,Sprint 11,Team B,2026-05-21,2026-06-03,55,49,6,148,132,25,Completed,5,25
SP11,Sprint 11,Team B,2026-05-21,2026-06-03,55,49,6,148,132,25,Completed,6,18
SP11,Sprint 11,Team B,2026-05-21,2026-06-03,55,49,6,148,132,25,Completed,7,11
SP11,Sprint 11,Team B,2026-05-21,2026-06-03,55,49,6,148,132,25,Completed,8,6
SP11,Sprint 11,Team C,2026-05-21,2026-06-03,49,42,7,134,112,22,At Risk,1,49
SP11,Sprint 11,Team C,2026-05-21,2026-06-03,49,42,7,134,112,22,At Risk,2,45
SP11,Sprint 11,Team C,2026-05-21,2026-06-03,49,42,7,134,112,22,At Risk,3,40
SP11,Sprint 11,Team C,2026-05-21,2026-06-03,49,42,7,134,112,22,At Risk,4,34
SP11,Sprint 11,Team C,2026-05-21,2026-06-03,49,42,7,134,112,22,At Risk,5,27
SP11,Sprint 11,Team C,2026-05-21,2026-06-03,49,42,7,134,112,22,At Risk,6,20
SP11,Sprint 11,Team C,2026-05-21,2026-06-03,49,42,7,134,112,22,At Risk,7,14
SP11,Sprint 11,Team C,2026-05-21,2026-06-03,49,42,7,134,112,22,At Risk,8,7
SP12,Sprint 12,Team A,2026-06-04,2026-06-17,50,46,4,140,126,27,Completed,1,50
SP12,Sprint 12,Team A,2026-06-04,2026-06-17,50,46,4,140,126,27,Completed,2,43
SP12,Sprint 12,Team A,2026-06-04,2026-06-17,50,46,4,140,126,27,Completed,3,36
SP12,Sprint 12,Team A,2026-06-04,2026-06-17,50,46,4,140,126,27,Completed,4,29
SP12,Sprint 12,Team A,2026-06-04,2026-06-17,50,46,4,140,126,27,Completed,5,22
SP12,Sprint 12,Team A,2026-06-04,2026-06-17,50,46,4,140,126,27,Completed,6,15
SP12,Sprint 12,Team A,2026-06-04,2026-06-17,50,46,4,140,126,27,Completed,7,9
SP12,Sprint 12,Team A,2026-06-04,2026-06-17,50,46,4,140,126,27,Completed,8,4
SP12,Sprint 12,Team B,2026-06-04,2026-06-17,56,50,6,150,136,26,Completed,1,56
SP12,Sprint 12,Team B,2026-06-04,2026-06-17,56,50,6,150,136,26,Completed,2,49
SP12,Sprint 12,Team B,2026-06-04,2026-06-17,56,50,6,150,136,26,Completed,3,41
SP12,Sprint 12,Team B,2026-06-04,2026-06-17,56,50,6,150,136,26,Completed,4,33
SP12,Sprint 12,Team B,2026-06-04,2026-06-17,56,50,6,150,136,26,Completed,5,25
SP12,Sprint 12,Team B,2026-06-04,2026-06-17,56,50,6,150,136,26,Completed,6,18
SP12,Sprint 12,Team B,2026-06-04,2026-06-17,56,50,6,150,136,26,Completed,7,11
SP12,Sprint 12,Team B,2026-06-04,2026-06-17,56,50,6,150,136,26,Completed,8,6
SP12,Sprint 12,Team C,2026-06-04,2026-06-17,49,45,4,136,122,24,Completed,1,49
SP12,Sprint 12,Team C,2026-06-04,2026-06-17,49,45,4,136,122,24,Completed,2,43
SP12,Sprint 12,Team C,2026-06-04,2026-06-17,49,45,4,136,122,24,Completed,3,36
SP12,Sprint 12,Team C,2026-06-04,2026-06-17,49,45,4,136,122,24,Completed,4,28
SP12,Sprint 12,Team C,2026-06-04,2026-06-17,49,45,4,136,122,24,Completed,5,21
SP12,Sprint 12,Team C,2026-06-04,2026-06-17,49,45,4,136,122,24,Completed,6,15
SP12,Sprint 12,Team C,2026-06-04,2026-06-17,49,45,4,136,122,24,Completed,7,9
SP12,Sprint 12,Team C,2026-06-04,2026-06-17,49,45,4,136,122,24,Completed,8,4
SP13,Sprint 13,Team A,2026-06-18,2026-07-01,51,47,4,142,128,28,Completed,1,51
SP13,Sprint 13,Team A,2026-06-18,2026-07-01,51,47,4,142,128,28,Completed,2,44
SP13,Sprint 13,Team A,2026-06-18,2026-07-01,51,47,4,142,128,28,Completed,3,37
SP13,Sprint 13,Team A,2026-06-18,2026-07-01,51,47,4,142,128,28,Completed,4,30
SP13,Sprint 13,Team A,2026-06-18,2026-07-01,51,47,4,142,128,28,Completed,5,22
SP13,Sprint 13,Team A,2026-06-18,2026-07-01,51,47,4,142,128,28,Completed,6,15
SP13,Sprint 13,Team A,2026-06-18,2026-07-01,51,47,4,142,128,28,Completed,7,9
SP13,Sprint 13,Team A,2026-06-18,2026-07-01,51,47,4,142,128,28,Completed,8,4
SP13,Sprint 13,Team B,2026-06-18,2026-07-01,56,52,4,152,140,27,Completed,1,56
SP13,Sprint 13,Team B,2026-06-18,2026-07-01,56,52,4,152,140,27,Completed,2,49
SP13,Sprint 13,Team B,2026-06-18,2026-07-01,56,52,4,152,140,27,Completed,3,41
SP13,Sprint 13,Team B,2026-06-18,2026-07-01,56,52,4,152,140,27,Completed,4,33
SP13,Sprint 13,Team B,2026-06-18,2026-07-01,56,52,4,152,140,27,Completed,5,25
SP13,Sprint 13,Team B,2026-06-18,2026-07-01,56,52,4,152,140,27,Completed,6,18
SP13,Sprint 13,Team B,2026-06-18,2026-07-01,56,52,4,152,140,27,Completed,7,11
SP13,Sprint 13,Team B,2026-06-18,2026-07-01,56,52,4,152,140,27,Completed,8,4
SP13,Sprint 13,Team C,2026-06-18,2026-07-01,50,46,4,138,124,25,Completed,1,50
SP13,Sprint 13,Team C,2026-06-18,2026-07-01,50,46,4,138,124,25,Completed,2,44
SP13,Sprint 13,Team C,2026-06-18,2026-07-01,50,46,4,138,124,25,Completed,3,36
SP13,Sprint 13,Team C,2026-06-18,2026-07-01,50,46,4,138,124,25,Completed,4,29
SP13,Sprint 13,Team C,2026-06-18,2026-07-01,50,46,4,138,124,25,Completed,5,22
SP13,Sprint 13,Team C,2026-06-18,2026-07-01,50,46,4,138,124,25,Completed,6,15
SP13,Sprint 13,Team C,2026-06-18,2026-07-01,50,46,4,138,124,25,Completed,7,9
SP13,Sprint 13,Team C,2026-06-18,2026-07-01,50,46,4,138,124,25,Completed,8,4
SP14,Sprint 14,Team A,2026-07-02,2026-07-15,52,48,4,145,130,28,Completed,1,52
SP14,Sprint 14,Team A,2026-07-02,2026-07-15,52,48,4,145,130,28,Completed,2,45
SP14,Sprint 14,Team A,2026-07-02,2026-07-15,52,48,4,145,130,28,Completed,3,37
SP14,Sprint 14,Team A,2026-07-02,2026-07-15,52,48,4,145,130,28,Completed,4,30
SP14,Sprint 14,Team A,2026-07-02,2026-07-15,52,48,4,145,130,28,Completed,5,22
SP14,Sprint 14,Team A,2026-07-02,2026-07-15,52,48,4,145,130,28,Completed,6,16
SP14,Sprint 14,Team A,2026-07-02,2026-07-15,52,48,4,145,130,28,Completed,7,9
SP14,Sprint 14,Team A,2026-07-02,2026-07-15,52,48,4,145,130,28,Completed,8,4
SP14,Sprint 14,Team B,2026-07-02,2026-07-15,57,53,4,154,142,28,Completed,1,57
SP14,Sprint 14,Team B,2026-07-02,2026-07-15,57,53,4,154,142,28,Completed,2,50
SP14,Sprint 14,Team B,2026-07-02,2026-07-15,57,53,4,154,142,28,Completed,3,42
SP14,Sprint 14,Team B,2026-07-02,2026-07-15,57,53,4,154,142,28,Completed,4,34
SP14,Sprint 14,Team B,2026-07-02,2026-07-15,57,53,4,154,142,28,Completed,5,26
SP14,Sprint 14,Team B,2026-07-02,2026-07-15,57,53,4,154,142,28,Completed,6,18
SP14,Sprint 14,Team B,2026-07-02,2026-07-15,57,53,4,154,142,28,Completed,7,11
SP14,Sprint 14,Team B,2026-07-02,2026-07-15,57,53,4,154,142,28,Completed,8,4
SP14,Sprint 14,Team C,2026-07-02,2026-07-15,51,47,4,140,126,26,Completed,1,51
SP14,Sprint 14,Team C,2026-07-02,2026-07-15,51,47,4,140,126,26,Completed,2,44
SP14,Sprint 14,Team C,2026-07-02,2026-07-15,51,47,4,140,126,26,Completed,3,37
SP14,Sprint 14,Team C,2026-07-02,2026-07-15,51,47,4,140,126,26,Completed,4,30
SP14,Sprint 14,Team C,2026-07-02,2026-07-15,51,47,4,140,126,26,Completed,5,22
SP14,Sprint 14,Team C,2026-07-02,2026-07-15,51,47,4,140,126,26,Completed,6,15
SP14,Sprint 14,Team C,2026-07-02,2026-07-15,51,47,4,140,126,26,Completed,7,9
SP14,Sprint 14,Team C,2026-07-02,2026-07-15,51,47,4,140,126,26,Completed,8,4
SP15,Sprint 15,Team A,2026-07-16,2026-07-29,51,48,3,144,130,29,Completed,1,51
SP15,Sprint 15,Team A,2026-07-16,2026-07-29,51,48,3,144,130,29,Completed,2,44
SP15,Sprint 15,Team A,2026-07-16,2026-07-29,51,48,3,144,130,29,Completed,3,37
SP15,Sprint 15,Team A,2026-07-16,2026-07-29,51,48,3,144,130,29,Completed,4,30
SP15,Sprint 15,Team A,2026-07-16,2026-07-29,51,48,3,144,130,29,Completed,5,22
SP15,Sprint 15,Team A,2026-07-16,2026-07-29,51,48,3,144,130,29,Completed,6,15
SP15,Sprint 15,Team A,2026-07-16,2026-07-29,51,48,3,144,130,29,Completed,7,9
SP15,Sprint 15,Team A,2026-07-16,2026-07-29,51,48,3,144,130,29,Completed,8,3
SP15,Sprint 15,Team B,2026-07-16,2026-07-29,58,54,4,156,146,29,Completed,1,58
SP15,Sprint 15,Team B,2026-07-16,2026-07-29,58,54,4,156,146,29,Completed,2,50
SP15,Sprint 15,Team B,2026-07-16,2026-07-29,58,54,4,156,146,29,Completed,3,42
SP15,Sprint 15,Team B,2026-07-16,2026-07-29,58,54,4,156,146,29,Completed,4,34
SP15,Sprint 15,Team B,2026-07-16,2026-07-29,58,54,4,156,146,29,Completed,5,26
SP15,Sprint 15,Team B,2026-07-16,2026-07-29,58,54,4,156,146,29,Completed,6,19
SP15,Sprint 15,Team B,2026-07-16,2026-07-29,58,54,4,156,146,29,Completed,7,12
SP15,Sprint 15,Team B,2026-07-16,2026-07-29,58,54,4,156,146,29,Completed,8,4
SP15,Sprint 15,Team C,2026-07-16,2026-07-29,52,48,4,142,128,27,Completed,1,52
SP15,Sprint 15,Team C,2026-07-16,2026-07-29,52,48,4,142,128,27,Completed,2,45
SP15,Sprint 15,Team C,2026-07-16,2026-07-29,52,48,4,142,128,27,Completed,3,38
SP15,Sprint 15,Team C,2026-07-16,2026-07-29,52,48,4,142,128,27,Completed,4,30
SP15,Sprint 15,Team C,2026-07-16,2026-07-29,52,48,4,142,128,27,Completed,5,22
SP15,Sprint 15,Team C,2026-07-16,2026-07-29,52,48,4,142,128,27,Completed,6,16
SP15,Sprint 15,Team C,2026-07-16,2026-07-29,52,48,4,142,128,27,Completed,7,9
SP15,Sprint 15,Team C,2026-07-16,2026-07-29,52,48,4,142,128,27,Completed,8,4
